<?xml version="1.0" encoding="utf-8"?>
<!DOCTYPE mapper PUBLIC "-//mybatis.org//DTD Mapper 3.0//EN" "http://mybatis.org/dtd/mybatis-3-mapper.dtd">

<!--      
	This file is automatically generated by autoCode(https://git.oschina.net/durcframework/autoCode)
-->
<mapper namespace="com.coconason.snacksassitant.dao.AccountInfoDao">
	<resultMap id="queryResultMap" type="com.coconason.snacksassitant.entity.AccountInfo">
		<!-- 用户id号 -->
		<result column="id" property="id" jdbcType="LONG"/>
		<!-- 登陆名(即手机号) -->
		<result column="login_name" property="loginName" jdbcType="VARCHAR"/>
		<!-- 用户密码(任意字符) -->
		<result column="password" property="password" jdbcType="VARCHAR"/>
		<!-- sa_user_info数据库的user_info表ID -->
		<result column="user_info_id" property="userInfoId" jdbcType="LONG"/>
		<!-- 是否删除该记录 -->
		<result column="deleted" property="deleted" jdbcType="TINYINT"/>
		<!-- 更新时间 -->
		<result column="update_time" property="updateTime" jdbcType="TIMESTAMP"/>
		<!-- 创建时间 -->
		<result column="create_time" property="createTime" jdbcType="TIMESTAMP"/>
	</resultMap>
	<!-- 聚合查询 -->
	<select id="findProjection" parameterType="org.durcframework.core.expression.projection.ProjectionQuery" resultType="java.util.HashMap">SELECT 
		<include refid="expressionBlock.projectionColumn"/> FROM account_info t 
		<include refid="expressionBlock.where"/>  
		<include refid="expressionBlock.groupBy"/>  
		<include refid="expressionBlock.having"/>  
		<if test="order != null">ORDER BY ${order}</if> 
	</select>
	<!-- 根据条件查询记录 -->
	<select id="find" parameterType="org.durcframework.core.expression.ExpressionQuery" resultMap="queryResultMap">SELECT 
		<choose>
			<when test="columns.size&gt;0"> 
				<foreach collection="columns" item="column" separator=",">${column}</foreach> 
			</when>
			<otherwise>t.id , t.login_name , t.password , t.user_info_id , t.deleted , t.update_time , t.create_time</otherwise>
		</choose> FROM account_info t
		<include refid="expressionBlock.where"/>  
		<choose>
			<when test="order == null">ORDER BY t.id desc</when>
			<otherwise>ORDER BY ${order}</otherwise>
		</choose>  
		<if test="!isQueryAll">LIMIT #{start,jdbcType=INTEGER},#{limit,jdbcType=INTEGER}</if> 
	</select>
	<!-- 根据条件查询记录数 -->
	<select id="findTotalCount" parameterType="org.durcframework.core.expression.ExpressionQuery" resultType="java.lang.Integer">SELECT count(*) FROM account_info t 
		<include refid="expressionBlock.where"/> 
	</select>
	<!-- 保存,保存全部字段 -->
	<insert id="save" parameterType="com.coconason.snacksassitant.entity.AccountInfo">INSERT INTO account_info ( `id` , `login_name` , `password` , `user_info_id` , `deleted` , `update_time` , `create_time` ) VALUES ( #{id,jdbcType=LONG} , #{loginName,jdbcType=VARCHAR} , #{password,jdbcType=VARCHAR} , #{userInfoId,jdbcType=LONG} , #{deleted,jdbcType=TINYINT} , #{updateTime,jdbcType=TIMESTAMP} , #{createTime,jdbcType=TIMESTAMP} )</insert>
	<!-- 保存,保存不为NULL的字段 -->
	<insert id="saveNotNull" parameterType="com.coconason.snacksassitant.entity.AccountInfo">INSERT INTO account_info 
		<trim prefix="(" suffix=")" suffixOverrides=","> 
			<if test="id != null">`id`,</if>  
			<if test="loginName != null">`login_name`,</if>  
			<if test="password != null">`password`,</if>  
			<if test="userInfoId != null">`user_info_id`,</if>  
			<if test="deleted != null">`deleted`,</if>  
			<if test="updateTime != null">`update_time`,</if>  
			<if test="createTime != null">`create_time`,</if> 
		</trim>  
		<trim prefix="values (" suffix=")" suffixOverrides=","> 
			<if test="id != null">#{id,jdbcType=LONG},</if>  
			<if test="loginName != null">#{loginName,jdbcType=VARCHAR},</if>  
			<if test="password != null">#{password,jdbcType=VARCHAR},</if>  
			<if test="userInfoId != null">#{userInfoId,jdbcType=LONG},</if>  
			<if test="deleted != null">#{deleted,jdbcType=TINYINT},</if>  
			<if test="updateTime != null">#{updateTime,jdbcType=TIMESTAMP},</if>  
			<if test="createTime != null">#{createTime,jdbcType=TIMESTAMP},</if> 
		</trim> 
	</insert>
	<!-- 更新,更新全部字段 -->
	<update id="update" parameterType="com.coconason.snacksassitant.entity.AccountInfo">UPDATE account_info 
		<set>login_name=#{loginName,jdbcType=VARCHAR}, password=#{password,jdbcType=VARCHAR}, user_info_id=#{userInfoId,jdbcType=LONG}, deleted=#{deleted,jdbcType=TINYINT}, update_time=#{updateTime,jdbcType=TIMESTAMP}, create_time=#{createTime,jdbcType=TIMESTAMP},</set> WHERE id = #{id,jdbcType=LONG}
	</update>
	<!-- 根据指定条件更新 -->
	<update id="updateByExpression">UPDATE account_info 
		<set>login_name=#{entity.loginName,jdbcType=VARCHAR}, password=#{entity.password,jdbcType=VARCHAR}, user_info_id=#{entity.userInfoId,jdbcType=LONG}, deleted=#{entity.deleted,jdbcType=TINYINT}, update_time=#{entity.updateTime,jdbcType=TIMESTAMP}, create_time=#{entity.createTime,jdbcType=TIMESTAMP},</set>  
		<include refid="expressionBlock.updateWhere"/> 
	</update>
	<!-- 更新不为NULL的字段 -->
	<update id="updateNotNull" parameterType="com.coconason.snacksassitant.entity.AccountInfo">UPDATE account_info 
		<set> 
			<if test="loginName != null">login_name=#{loginName,jdbcType=VARCHAR},</if>  
			<if test="password != null">password=#{password,jdbcType=VARCHAR},</if>  
			<if test="userInfoId != null">user_info_id=#{userInfoId,jdbcType=LONG},</if>  
			<if test="deleted != null">deleted=#{deleted,jdbcType=TINYINT},</if>  
			<if test="updateTime != null">update_time=#{updateTime,jdbcType=TIMESTAMP},</if>  
			<if test="createTime != null">create_time=#{createTime,jdbcType=TIMESTAMP},</if> 
		</set> WHERE id = #{id,jdbcType=LONG}
	</update>
	<!-- 根据指定条件更新不为NULL的字段 -->
	<update id="updateNotNullByExpression">UPDATE account_info 
		<set> 
			<if test="entity.loginName != null">login_name=#{entity.loginName,jdbcType=VARCHAR},</if>  
			<if test="entity.password != null">password=#{entity.password,jdbcType=VARCHAR},</if>  
			<if test="entity.userInfoId != null">user_info_id=#{entity.userInfoId,jdbcType=LONG},</if>  
			<if test="entity.deleted != null">deleted=#{entity.deleted,jdbcType=TINYINT},</if>  
			<if test="entity.updateTime != null">update_time=#{entity.updateTime,jdbcType=TIMESTAMP},</if>  
			<if test="entity.createTime != null">create_time=#{entity.createTime,jdbcType=TIMESTAMP},</if> 
		</set>  
		<include refid="expressionBlock.updateWhere"/> 
	</update>
	<!-- 根据主键获取单条记录 -->
	<select id="get" resultMap="queryResultMap" parameterType="com.coconason.snacksassitant.entity.AccountInfo">SELECT t.id , t.login_name , t.password , t.user_info_id , t.deleted , t.update_time , t.create_time FROM account_info t WHERE id = #{id,jdbcType=LONG}</select>
	<!-- 根据条件获取单条记录 -->
	<select id="getByExpression" resultMap="queryResultMap" parameterType="org.durcframework.core.expression.ExpressionQuery">SELECT t.id , t.login_name , t.password , t.user_info_id , t.deleted , t.update_time , t.create_time FROM account_info t
		<include refid="expressionBlock.where"/> 
	</select>
	<!-- 根据主键删除记录 -->
	<delete id="del" parameterType="com.coconason.snacksassitant.entity.AccountInfo">DELETE FROM account_info WHERE id = #{id,jdbcType=LONG}</delete>
	<!-- 根据条件删除记录 -->
	<delete id="delByExpression" parameterType="org.durcframework.core.expression.ExpressionQuery">DELETE FROM account_info 
		<include refid="expressionBlock.where"/> 
	</delete>
</mapper>
